timestamps,TP9,AF7,AF8,TP10,Right AUX
1533045067.911,17.090,21.484,21.484,14.160,19.043
1533045067.915,32.227,-12.695,16.602,17.090,-38.574
1533045067.919,36.621,23.438,16.113,21.973,14.160
1533045067.923,30.762,72.266,19.531,26.367,2.441
1533045067.927,24.414,38.574,21.973,27.832,-34.180
1533045067.931,21.484,-14.160,22.949,25.391,2.930
1533045067.934,31.250,-14.160,19.531,27.344,31.738
1533045067.938,38.086,35.645,27.344,35.645,16.602
1533045067.942,35.156,88.379,31.738,33.203,7.324
1533045067.946,26.855,83.008,20.996,27.344,83.984
1533045067.950,25.391,29.297,14.648,25.879,66.406
1533045067.954,37.109,26.367,20.020,23.926,30.762
1533045067.958,38.574,-23.438,11.230,27.832,23.438
1533045067.962,25.391,-11.719,13.184,23.926,14.160
1533045067.966,19.043,84.473,32.227,25.879,38.574
1533045067.970,20.020,52.246,24.902,22.949,14.160
1533045067.973,30.273,34.180,17.578,22.949,29.297
1533045067.977,44.434,37.598,20.996,35.645,24.902
1533045067.981,44.434,77.637,30.762,34.668,44.922
1533045067.985,48.828,51.270,30.273,36.621,39.062
1533045067.989,48.828,-2.441,33.203,38.574,0.000
1533045067.993,45.898,47.852,25.391,32.715,26.367
1533045067.997,48.828,0.488,7.812,27.832,-3.418
1533045068.001,50.293,16.602,25.879,42.969,44.434
1533045068.005,58.105,91.797,34.668,56.152,83.984
1533045068.009,29.297,40.039,15.137,23.438,22.461
1533045068.013,8.301,23.438,9.766,0.000,8.301
1533045068.016,29.785,44.922,17.578,10.254,4.883
1533045068.020,20.508,63.477,25.879,5.859,-39.062
1533045068.024,18.066,28.320,14.160,3.418,-40.527
1533045068.028,27.344,2.930,7.812,4.883,-37.598
1533045068.032,24.414,47.852,12.207,6.348,-22.949
1533045068.036,32.715,10.742,9.277,15.137,-6.348
1533045068.040,24.902,31.250,14.648,6.348,28.320
1533045068.044,22.949,111.328,23.438,8.789,44.434
1533045068.048,22.461,71.289,21.973,13.184,0.000
1533045068.052,13.184,63.477,7.324,-0.977,-4.883
1533045068.056,30.273,54.688,5.371,10.742,28.320
1533045068.059,33.203,71.289,20.508,22.461,66.895
1533045068.063,28.320,97.168,24.414,21.484,78.613
1533045068.067,32.715,37.598,13.184,23.438,44.434
1533045068.071,26.855,-18.555,7.812,23.438,-28.320
1533045068.075,27.832,-5.859,14.160,18.066,-45.898
1533045068.079,38.574,52.734,23.926,18.555,-26.855
1533045068.083,35.156,138.672,35.156,25.391,35.156
1533045068.087,35.156,114.746,27.832,24.414,42.480
1533045068.091,30.762,64.941,21.484,20.996,-17.090
1533045068.095,32.715,61.523,17.578,18.066,-0.488
1533045068.098,40.527,46.875,19.043,20.508,30.762
1533045068.102,38.086,100.586,30.762,23.438,7.812
1533045068.106,40.527,129.883,28.809,26.855,-2.930
1533045068.110,33.203,86.914,17.578,29.297,3.906
1533045068.114,36.133,87.402,21.973,30.273,30.762
1533045068.118,53.223,115.234,32.715,40.527,78.613
1533045068.122,52.246,137.207,27.344,43.457,62.012
1533045068.126,41.016,132.812,21.484,43.945,-21.484
1533045068.130,30.762,141.113,22.949,36.133,-42.969
1533045068.134,42.480,133.789,12.695,27.344,-12.207
1533045068.138,53.223,139.160,19.043,36.133,19.043
1533045068.141,40.527,179.688,27.832,41.504,76.172
1533045068.145,38.086,135.254,15.137,41.016,50.293
1533045068.149,33.691,77.148,4.883,28.809,-12.695
1533045068.153,30.273,82.520,16.113,25.879,1.465
1533045068.157,42.480,50.781,17.090,26.855,27.832
1533045068.161,40.527,103.027,19.531,22.949,43.945
1533045068.165,28.320,138.184,20.508,25.879,44.922
1533045068.169,31.738,86.914,12.695,26.855,23.926
1533045068.173,29.785,128.906,20.508,22.949,42.480
1533045068.177,41.016,93.750,24.902,23.438,75.195
1533045068.181,45.410,90.332,21.484,30.762,32.715
1533045068.184,31.738,186.035,19.043,24.414,47.363
1533045068.188,23.926,161.621,15.137,20.996,43.457
1533045068.192,17.090,139.648,11.719,21.973,49.316
1533045068.196,28.320,125.488,13.184,25.391,23.926
1533045068.200,35.156,152.344,20.020,31.250,10.742
1533045068.204,34.668,156.738,17.090,27.832,17.578
1533045068.208,24.414,73.730,7.324,25.879,-48.828
1533045068.212,20.996,10.742,11.230,25.879,-19.531
1533045068.216,31.738,0.977,23.926,25.391,44.434
1533045068.220,38.086,48.340,27.832,24.902,61.523
1533045068.223,31.738,131.836,28.320,21.484,53.223
1533045068.227,29.297,99.609,20.508,23.438,12.207
1533045068.231,22.461,51.270,15.625,16.113,-23.438
1533045068.235,33.203,43.945,14.160,18.066,-2.930
1533045068.239,62.988,79.102,17.090,39.551,23.926
1533045068.243,63.965,119.141,24.414,50.781,69.824
1533045068.247,33.691,71.289,25.879,37.598,61.523
1533045068.251,5.859,26.367,26.367,9.277,-12.207
1533045068.255,0.000,1.465,25.879,0.488,-11.230
1533045068.259,14.648,-5.371,25.391,27.832,7.324
1533045068.263,9.766,24.902,27.344,30.762,-24.902
1533045068.266,6.836,32.227,30.273,24.902,-47.852
1533045068.270,5.859,7.812,26.855,30.762,-14.160
1533045068.274,7.812,15.625,25.391,25.879,37.109
1533045068.278,24.902,-20.508,27.832,26.367,44.922
1533045068.282,20.020,28.809,25.391,30.762,2.930
1533045068.286,14.160,89.844,23.438,24.902,30.273
1533045068.290,16.113,39.062,31.250,28.320,67.383
1533045068.294,17.578,9.766,34.668,33.691,29.785
1533045068.298,20.020,38.574,26.855,32.227,48.828
1533045068.302,16.602,67.383,20.996,31.250,40.039
1533045068.306,19.531,27.344,17.090,34.668,46.875
1533045068.309,16.602,14.648,18.066,28.809,59.570
1533045068.313,12.207,40.527,21.973,20.996,-12.695
1533045068.317,23.926,-7.812,21.973,28.809,-22.949
1533045068.321,28.809,22.461,29.297,32.227,-5.859
1533045068.325,22.461,104.492,28.809,27.832,56.152
1533045068.329,22.461,57.617,22.949,25.391,46.875
1533045068.333,19.043,35.156,20.508,20.508,0.488
1533045068.337,14.160,48.828,19.043,11.230,56.641
1533045068.341,21.484,65.918,22.949,21.484,33.691
1533045068.345,27.832,62.012,25.391,27.344,-51.270
1533045068.348,22.461,39.062,28.320,25.391,4.395
1533045068.352,19.043,-7.324,16.113,21.484,34.668
1533045068.356,35.645,-38.086,21.973,28.809,6.836
1533045068.360,36.133,23.438,28.809,33.691,36.621
1533045068.364,18.066,105.469,18.555,20.996,39.551
1533045068.368,5.371,68.359,16.113,13.672,25.879
1533045068.372,7.324,36.133,14.648,12.207,55.664
1533045068.376,15.137,9.277,5.371,20.996,31.250
1533045068.380,20.508,41.504,8.789,18.066,27.344
1533045068.384,25.879,61.035,18.555,19.531,48.828
1533045068.388,22.949,23.926,18.066,23.926,-13.672
1533045068.391,18.066,16.113,12.207,14.648,-2.441
1533045068.395,20.020,-2.441,10.254,17.578,36.133
1533045068.399,22.461,-1.465,14.648,18.555,21.973
1533045068.403,12.695,56.641,12.207,13.184,58.105
1533045068.407,9.766,57.129,10.742,14.160,56.152
1533045068.411,13.184,17.578,15.137,10.254,-5.859
1533045068.415,19.531,-11.230,16.602,10.742,15.625
1533045068.419,20.508,-33.203,10.742,11.230,52.246
1533045068.423,13.672,46.875,16.113,12.207,7.812
1533045068.427,10.742,66.406,15.625,19.043,-24.414
1533045068.430,1.953,20.020,8.789,8.301,1.953
1533045068.434,6.836,9.277,12.207,2.930,56.641
1533045068.438,20.020,12.207,11.230,17.578,79.590
1533045068.442,11.230,33.203,22.949,21.973,8.301
1533045068.446,8.301,23.438,20.508,19.531,4.883
1533045068.450,7.324,-4.395,6.836,12.695,-8.301
1533045068.454,12.207,15.625,10.742,6.836,-61.523
1533045068.458,25.879,-7.324,11.230,6.348,2.930
1533045068.462,22.949,35.645,16.113,7.812,15.625
1533045068.466,17.090,106.934,31.250,16.113,33.203
1533045068.470,13.672,54.688,29.297,14.648,75.684
1533045068.473,13.184,15.625,14.648,7.812,72.754
1533045068.477,20.996,22.461,14.648,12.207,33.691
1533045068.481,24.414,49.805,23.926,20.020,-10.742
1533045068.485,19.531,64.941,21.973,19.043,12.207
1533045068.489,11.719,32.227,18.555,18.066,30.273
1533045068.493,16.602,-44.922,13.672,19.043,-16.113
1533045068.497,25.879,-12.207,18.066,20.020,-12.207
1533045068.501,21.484,79.590,29.297,22.461,0.977
1533045068.505,24.414,84.961,26.855,22.949,1.953
1533045068.509,24.414,51.758,25.879,18.555,32.715
1533045068.513,15.137,32.715,20.508,12.207,26.855
1533045068.516,25.391,-13.184,8.301,12.207,55.176
1533045068.520,30.762,10.254,8.301,10.254,87.891
1533045068.524,27.344,76.172,17.090,16.602,0.977
1533045068.528,30.273,43.457,15.137,20.020,-32.715
1533045068.532,26.855,23.438,13.672,13.184,-0.977
1533045068.536,32.715,6.348,17.578,20.508,16.113
1533045068.540,41.504,16.602,19.043,28.320,24.902
1533045068.544,32.715,51.758,14.648,22.461,42.969
1533045068.548,24.414,50.293,20.996,24.414,71.289
1533045068.552,20.996,-6.348,15.625,23.438,26.367
1533045068.555,30.273,-52.246,8.301,19.043,-22.949
1533045068.559,34.180,24.414,17.578,14.648,-5.371
1533045068.563,20.508,84.961,22.949,14.648,19.043
1533045068.567,20.508,40.527,19.043,12.695,54.199
1533045068.571,18.066,1.953,15.137,8.789,13.672
1533045068.575,23.926,-35.645,16.113,11.230,-37.109
1533045068.579,30.762,-11.719,26.367,16.602,38.086
1533045068.583,29.785,62.012,28.809,24.902,39.551
1533045068.587,31.250,22.461,25.879,26.855,11.230
1533045068.591,19.531,1.465,29.297,20.020,36.133
1533045068.595,13.672,12.695,23.926,13.184,53.711
1533045068.598,23.926,-30.762,20.996,12.207,44.922
1533045068.602,22.949,42.480,22.949,13.184,18.555
1533045068.606,17.090,69.824,22.949,10.742,46.387
1533045068.610,13.184,4.395,17.090,8.789,41.992
1533045068.614,10.742,-0.488,16.113,15.137,17.578
1533045068.618,17.578,18.555,21.973,12.207,-1.953
1533045068.622,21.973,59.570,28.809,13.672,-19.043
1533045068.626,19.043,55.664,26.367,15.137,13.184
1533045068.630,7.324,27.832,15.137,3.906,48.828
1533045068.634,6.836,-18.555,4.395,15.625,52.246
1533045068.638,20.020,-57.129,8.301,18.555,20.996
1533045068.641,13.672,27.832,27.344,5.371,24.902
1533045068.645,15.625,97.656,28.320,13.184,27.832
1533045068.649,13.672,52.246,19.531,10.254,34.668
1533045068.653,4.883,18.555,20.020,5.371,30.762
1533045068.657,18.555,24.902,21.973,9.766,23.438
1533045068.661,24.414,71.289,37.109,15.137,64.941
1533045068.665,15.137,46.387,37.598,13.184,50.781
1533045068.669,3.418,7.324,22.949,4.883,3.906
1533045068.673,5.371,7.324,24.902,-4.883,0.977
1533045068.677,15.625,18.555,33.203,4.395,83.984
1533045068.680,19.531,28.320,32.227,17.578,86.426
1533045068.684,21.484,37.109,30.762,13.184,31.250
1533045068.688,16.602,43.945,33.203,8.301,24.414
1533045068.692,12.207,38.574,33.691,10.742,28.809
1533045068.696,29.785,-15.137,29.297,16.602,40.039
1533045068.700,37.109,-2.441,37.598,16.602,29.785
1533045068.704,22.461,104.980,46.387,16.113,50.293
1533045068.708,17.090,85.938,42.480,22.949,45.410
1533045068.712,15.137,39.551,38.086,20.996,2.441
1533045068.716,12.207,24.902,28.809,13.672,41.992
1533045068.720,17.578,36.133,32.227,12.207,48.828
1533045068.723,11.719,62.500,35.156,8.789,34.668
1533045068.727,2.441,39.551,28.320,13.184,64.941
1533045068.731,4.883,22.461,22.461,18.555,68.848
1533045068.735,7.812,9.766,22.461,8.789,44.922
1533045068.739,15.625,37.598,36.621,12.207,65.430
1533045068.743,22.461,95.703,39.551,26.855,49.805
1533045068.747,16.602,60.547,26.855,24.414,9.277
1533045068.751,10.254,20.508,20.508,16.113,-28.320
1533045068.755,13.184,-11.719,26.367,18.555,10.742
1533045068.759,19.043,-10.254,29.297,17.578,50.781
1533045068.762,23.438,76.660,35.645,19.043,51.758
1533045068.766,19.531,76.172,37.598,20.508,-3.906
1533045068.770,19.531,31.250,38.574,16.602,-28.320
1533045068.774,17.578,0.977,31.738,16.602,49.316
1533045068.778,20.996,-39.062,14.160,12.695,49.805
1533045068.782,21.973,37.598,26.855,12.695,-4.883
1533045068.786,15.137,103.516,38.086,12.695,43.457
1533045068.790,11.230,50.781,24.414,13.672,52.246
1533045068.794,9.766,14.648,22.949,9.766,34.668
1533045068.798,22.461,32.227,26.367,6.348,55.176
1533045068.802,27.344,83.008,33.203,18.066,34.180
1533045068.805,16.113,78.613,39.062,22.461,11.230
1533045068.809,11.719,43.945,21.973,13.184,34.668
1533045068.813,15.137,3.418,15.137,16.113,33.203
1533045068.817,24.414,19.531,22.949,21.973,26.367
1533045068.821,27.344,61.035,20.508,21.973,64.941
1533045068.825,20.508,55.176,24.902,24.414,38.086
1533045068.829,20.020,69.336,26.367,21.973,47.852
1533045068.833,18.066,16.602,18.555,19.531,32.715
1533045068.837,27.344,-10.742,18.066,16.113,17.578
1533045068.841,35.156,71.777,34.668,18.066,20.020
1533045068.845,25.879,98.633,37.109,23.926,59.570
1533045068.848,23.438,52.734,20.508,20.996,70.312
1533045068.852,24.414,16.113,16.602,21.484,56.641
1533045068.856,30.762,-18.555,14.648,24.902,19.043
1533045068.860,32.715,39.551,27.832,22.949,17.578
1533045068.864,30.762,61.523,28.320,23.438,-9.766
1533045068.868,31.738,-5.371,20.508,24.902,-43.457
1533045068.872,19.043,-11.719,23.926,17.578,5.859
1533045068.876,19.531,-24.902,24.902,13.184,-8.789
1533045068.880,31.738,-30.762,25.879,7.812,32.227
1533045068.884,20.996,75.684,33.691,7.812,129.395
1533045068.887,21.973,105.469,31.738,20.508,69.824
1533045068.891,18.066,27.832,20.508,17.578,6.836
1533045068.895,17.090,2.930,20.020,15.137,48.340
1533045068.899,28.320,43.457,30.273,22.949,58.105
1533045068.903,23.926,78.125,31.250,24.414,15.137
1533045068.907,24.902,52.734,23.926,22.949,10.254
1533045068.911,21.484,28.809,21.484,20.020,16.602
1533045068.915,26.367,-32.715,12.207,20.996,-5.371
1533045068.919,37.109,-44.922,7.812,14.160,-33.691
1533045068.923,26.855,85.449,21.484,5.859,55.176
1533045068.927,29.297,112.305,25.391,10.254,120.605
1533045068.930,31.738,47.852,18.555,12.695,71.289
1533045068.934,14.160,0.977,12.695,12.207,20.020
1533045068.938,20.020,19.043,17.090,8.789,32.227
1533045068.942,34.668,74.707,21.973,15.625,36.133
1533045068.946,31.250,44.922,16.602,26.367,-2.441
1533045068.950,27.344,13.184,21.484,18.066,0.977
1533045068.954,26.367,10.742,20.020,12.695,53.711
1533045068.958,38.086,17.090,22.461,19.531,84.473
1533045068.962,36.621,29.297,28.320,31.738,76.660
1533045068.966,30.273,32.227,23.438,34.668,41.016
1533045068.970,31.738,24.414,28.320,30.273,1.465
1533045068.973,26.367,-4.395,31.250,25.391,-4.883
1533045068.977,35.645,16.602,33.691,27.832,20.508
1533045068.981,39.551,79.102,35.156,27.344,75.684
1533045068.985,28.320,67.383,23.438,20.508,41.992
1533045068.989,20.020,32.227,21.973,22.461,22.949
1533045068.993,14.160,14.160,18.066,25.879,25.391
1533045068.997,24.902,-49.805,7.324,25.391,-4.395
1533045069.001,30.273,-4.883,17.090,20.996,17.090
1533045069.005,28.320,65.918,32.227,30.762,6.348
1533045069.009,36.621,28.809,27.344,40.039,30.762
1533045069.012,27.344,6.836,24.414,30.762,0.488
1533045069.016,23.926,-33.203,23.926,24.902,-37.109
1533045069.020,32.715,-1.953,22.949,30.762,10.742
1533045069.024,34.668,96.191,29.785,32.227,40.527
1533045069.028,26.855,70.801,29.297,25.879,21.484
1533045069.032,28.320,22.949,28.320,33.203,18.066
1533045069.036,42.480,-14.160,26.367,44.922,4.395
1533045069.040,26.367,34.180,28.320,17.090,21.484
1533045069.044,4.395,65.918,27.344,-4.395,25.391
1533045069.048,2.930,25.879,25.391,-8.301,-1.465
1533045069.052,-7.812,1.465,23.926,-10.742,-1.953
1533045069.055,-9.766,-56.641,20.020,-4.883,29.785
1533045069.059,0.000,-65.918,20.020,-9.277,-10.742
1533045069.063,-3.418,41.504,26.367,-9.766,-31.738
1533045069.067,4.883,80.078,29.297,0.488,25.391
1533045069.071,13.672,33.203,24.414,4.395,-19.043
1533045069.075,6.836,-24.902,22.461,4.395,-40.039
1533045069.079,11.230,3.906,27.344,8.301,-26.855
1533045069.083,22.949,80.078,26.855,15.625,26.855
1533045069.087,27.832,58.105,23.926,24.414,67.871
1533045069.091,12.207,9.277,18.066,20.996,-16.602
1533045069.095,13.672,-31.250,14.160,15.625,-28.320
1533045069.098,37.598,-0.977,18.555,26.855,47.852
1533045069.102,37.109,20.508,17.090,35.645,24.902
1533045069.106,31.738,8.789,20.020,32.227,-21.973
1533045069.110,25.879,36.133,21.484,29.785,8.789
1533045069.114,20.996,18.066,15.625,32.227,79.590
1533045069.118,32.227,-57.617,8.301,24.414,62.988
1533045069.122,41.504,12.207,18.066,23.926,34.180
1533045069.126,37.109,87.891,22.461,33.203,20.020
1533045069.130,22.461,55.176,23.438,33.203,37.598
1533045069.134,25.879,26.855,20.020,39.551,80.566
1533045069.137,43.945,15.625,14.648,37.598,64.941
1533045069.141,51.270,62.500,24.902,40.039,21.973
1533045069.145,41.016,60.547,21.484,42.969,32.715
1533045069.149,31.738,-14.648,16.113,42.969,13.184
1533045069.153,39.062,-24.902,12.695,48.340,-21.484
1533045069.157,41.992,-42.480,6.836,40.039,-38.086
1533045069.161,36.133,11.719,20.996,32.715,-8.789
1533045069.165,29.297,114.746,27.832,37.109,31.250
1533045069.169,26.855,68.359,21.484,36.133,-8.789
1533045069.173,26.367,-6.836,12.207,31.738,-40.039
1533045069.177,39.551,-14.160,15.137,39.551,-34.180
1533045069.180,51.758,62.012,25.391,51.270,25.879
1533045069.184,48.340,83.496,29.297,52.734,68.848
1533045069.188,41.016,64.453,25.391,39.551,74.219
1533045069.192,26.855,22.949,20.508,29.785,78.613
1533045069.196,28.809,-52.734,17.578,27.832,43.457
1533045069.200,45.410,-6.836,12.695,31.738,9.766
1533045069.204,38.574,66.895,15.625,37.109,-41.504
1533045069.208,34.180,46.875,16.113,40.039,16.113
1533045069.212,27.832,13.184,15.137,34.668,36.133
1533045069.216,29.785,-50.293,18.066,27.832,-24.414
1533045069.219,43.945,-12.207,18.066,31.738,-7.324
1533045069.223,37.598,77.148,18.066,30.273,49.316
1533045069.227,29.785,41.504,20.996,30.762,71.289
1533045069.231,32.227,-0.488,17.090,32.227,45.410
1533045069.235,29.297,-21.484,11.719,29.297,65.430
1533045069.239,38.086,-1.953,20.508,33.203,27.344
1533045069.243,40.527,31.738,21.484,32.227,-18.066
1533045069.247,31.738,27.832,21.484,28.809,-13.672
1533045069.251,30.273,59.570,29.297,28.320,34.668
1533045069.255,38.574,23.438,24.414,29.785,53.711
1533045069.259,47.852,-65.918,13.184,29.297,14.648
1533045069.262,39.062,14.160,20.020,25.391,-23.438
1533045069.266,35.645,109.375,34.180,27.344,20.508
1533045069.270,38.086,65.918,25.391,27.344,31.738
1533045069.274,26.367,20.508,14.160,21.973,22.949
1533045069.278,28.809,15.625,14.648,17.090,-8.301
1533045069.282,37.109,89.844,28.809,23.438,27.344
1533045069.286,32.227,57.129,32.715,28.320,22.949
1533045069.290,22.949,0.488,24.414,23.926,-24.902
1533045069.294,13.672,4.883,23.438,21.484,36.621
1533045069.298,18.555,-38.574,12.207,11.230,32.227
1533045069.302,25.879,31.250,18.555,11.230,20.020
1533045069.305,20.020,113.770,24.902,15.137,56.641
1533045069.309,29.785,61.035,5.859,26.367,2.930
1533045069.313,30.273,21.973,12.207,30.762,-8.789
1533045069.317,13.672,20.508,31.250,11.719,47.363
1533045069.321,16.602,62.012,42.480,14.648,30.762
1533045069.325,18.555,66.895,47.852,25.391,13.184
1533045069.329,21.484,35.156,38.574,32.715,5.371
1533045069.333,18.066,7.324,26.855,30.762,31.250
1533045069.337,16.602,-75.195,19.043,23.926,8.301
1533045069.341,30.762,-18.555,29.785,26.855,0.000
1533045069.344,23.438,77.637,30.273,23.438,16.602
1533045069.348,27.344,50.293,25.391,25.391,-7.812
1533045069.352,30.273,25.391,31.738,28.320,-35.156
1533045069.356,20.020,-14.160,22.949,22.461,-34.668
1533045069.360,24.414,28.320,25.879,17.578,-39.062
1533045069.364,30.762,73.242,33.691,21.484,0.488
1533045069.368,22.949,44.434,27.344,24.414,42.480
1533045069.372,13.184,2.441,21.973,20.508,0.000
1533045069.376,27.832,-44.922,20.020,23.926,-28.320
1533045069.380,39.062,16.602,28.809,24.902,52.734
1533045069.384,31.738,48.828,31.738,31.738,122.559
1533045069.387,33.691,-0.488,28.809,36.133,25.879
1533045069.391,24.414,18.555,31.738,22.461,5.859
1533045069.395,14.648,-13.672,22.949,14.160,43.945
1533045069.399,30.273,-35.645,18.555,18.555,41.504
1533045069.403,26.367,73.242,27.832,21.484,30.273
1533045069.407,24.902,89.355,28.320,20.020,13.184
1533045069.411,21.484,59.082,26.855,18.555,42.969
1533045069.415,7.324,1.465,20.020,20.508,10.254
1533045069.419,27.344,19.043,26.367,22.461,14.160
1533045069.423,39.062,97.656,26.367,22.461,50.781
1533045069.427,36.133,73.242,22.949,32.715,44.434
1533045069.430,35.645,37.109,34.180,37.598,70.801
1533045069.434,20.508,-19.531,15.137,18.555,43.945
1533045069.438,27.344,1.953,8.301,24.902,-9.766
1533045069.442,29.785,94.727,22.461,35.156,-14.160
1533045069.446,16.113,83.008,25.391,27.832,-10.742
1533045069.450,5.371,57.617,21.484,16.602,4.883
1533045069.454,3.906,33.203,21.484,13.184,42.480
1533045069.458,10.742,16.602,20.996,5.859,22.949
1533045069.462,14.160,88.867,17.090,-0.977,30.273
1533045069.466,18.555,115.234,19.531,13.672,81.543
1533045069.469,13.672,69.336,15.137,17.578,80.078
1533045069.473,4.883,29.297,9.277,8.789,12.695
1533045069.477,16.602,-47.852,0.977,-0.977,-29.297
1533045069.481,25.879,-8.789,10.742,-4.883,28.809
1533045069.485,20.020,118.164,27.344,6.836,61.035
1533045069.489,20.508,100.098,20.020,21.973,35.645
1533045069.493,16.113,50.293,18.555,21.484,33.203
1533045069.497,21.973,31.738,26.367,15.137,26.367
1533045069.501,25.879,67.383,23.926,7.812,56.152
1533045069.505,27.832,72.266,19.043,16.113,29.297
1533045069.509,30.273,58.105,23.438,24.414,20.020
1533045069.512,27.344,21.484,22.461,21.973,56.641
1533045069.516,31.738,-11.230,26.367,20.508,20.508
1533045069.520,32.715,50.781,25.879,16.602,11.719
1533045069.524,30.273,52.734,19.531,23.926,41.016
1533045069.528,30.273,30.273,18.066,25.879,22.461
1533045069.532,23.438,65.918,25.391,19.531,43.945
1533045069.536,26.855,-13.672,16.113,18.066,64.453
1533045069.540,39.062,-20.996,11.230,18.555,53.223
1533045069.544,36.133,97.168,31.738,22.461,48.828
1533045069.548,38.574,72.754,33.691,28.809,3.906
1533045069.552,34.668,39.551,34.180,27.344,-31.738
1533045069.555,25.391,6.348,27.344,18.066,7.324
1533045069.559,38.086,33.691,28.809,24.414,40.039
1533045069.563,35.156,101.562,32.227,31.250,51.758
1533045069.567,28.320,81.543,25.391,26.855,73.730
1533045069.571,30.273,24.902,22.461,24.902,25.879
1533045069.575,31.738,-43.457,16.113,20.996,-35.156
1533045069.579,45.898,2.441,13.672,18.555,-55.664
1533045069.583,41.504,109.375,22.461,29.297,1.953
1533045069.587,23.438,80.566,24.414,28.809,26.855
1533045069.591,26.367,49.805,10.254,23.926,-3.906
1533045069.594,23.926,6.836,7.324,24.414,-5.371
1533045069.598,23.926,-28.320,19.531,18.066,19.531
1533045069.602,28.809,58.594,29.785,15.625,60.547
1533045069.606,24.414,75.195,25.879,20.508,-7.324
1533045069.610,13.672,57.617,25.391,16.602,-2.930
1533045069.614,6.836,17.090,14.160,8.789,52.246
1533045069.618,27.832,-23.926,26.855,19.043,41.504
1533045069.622,31.738,36.133,32.715,17.090,31.250
1533045069.626,20.020,40.039,3.418,15.137,-20.508
1533045069.630,18.555,38.574,9.277,21.973,-5.859
1533045069.634,10.742,48.828,21.973,10.742,72.754
1533045069.637,18.555,-62.988,9.277,10.742,26.855
1533045069.641,29.297,-10.254,8.789,14.648,-1.465
1533045069.645,30.273,110.352,25.879,16.113,66.406
1533045069.649,25.879,61.523,27.344,20.020,28.320
1533045069.653,18.555,15.137,19.531,20.508,9.277
1533045069.657,24.414,-9.766,20.020,18.066,-9.766
1533045069.661,29.297,57.129,28.809,21.973,46.387
1533045069.665,25.879,54.688,24.414,21.484,126.465
1533045069.669,27.344,4.395,18.066,21.484,49.316
1533045069.673,28.320,0.977,25.879,22.461,-67.383
1533045069.676,24.902,-14.648,26.367,20.996,-37.109
1533045069.680,24.414,24.902,26.367,20.508,17.090
1533045069.684,26.855,61.523,28.809,17.578,15.137
1533045069.688,22.461,48.828,22.949,17.578,-13.672
1533045069.692,15.137,52.734,24.902,15.625,-6.348
1533045069.696,15.137,-23.438,26.367,10.742,59.082
1533045069.700,20.996,-34.668,21.484,3.418,20.020
1533045069.704,20.020,85.938,31.738,13.672,-6.836
1533045069.708,15.625,80.078,33.203,20.020,62.500
1533045069.712,17.578,8.789,21.973,20.996,40.039
1533045069.716,19.043,-66.895,16.602,15.625,-29.297
1533045069.719,21.973,-30.273,25.879,9.766,35.645
1533045069.723,22.461,81.543,40.527,19.043,41.992
1533045069.727,21.973,83.496,41.992,20.020,60.059
1533045069.731,17.578,48.828,35.645,20.508,75.684
1533045069.735,15.625,-10.742,30.273,18.066,70.801
1533045069.739,20.996,-18.066,28.809,11.230,69.336
1533045069.743,24.902,69.824,33.691,18.066,117.188
1533045069.747,26.855,60.059,39.062,24.414,117.676
1533045069.751,22.461,18.066,37.109,17.090,33.203
1533045069.755,8.301,-21.973,23.438,10.254,40.527
1533045069.759,20.508,-37.109,19.043,18.555,47.363
1533045069.762,36.133,25.391,29.297,27.832,22.461
1533045069.766,35.156,55.176,36.133,28.809,4.883
1533045069.770,30.273,43.457,33.691,29.297,-11.719
1533045069.774,20.020,-2.930,22.949,23.926,-26.367
1533045069.778,24.414,-63.477,14.160,11.230,24.902
1533045069.782,34.180,24.414,20.508,15.137,47.363
1533045069.786,26.855,90.332,24.414,19.043,13.184
1533045069.790,16.113,46.387,20.996,17.578,-7.324
1533045069.794,13.672,-6.348,10.742,19.531,-3.906
1533045069.798,15.625,-17.090,8.789,12.695,26.367
1533045069.801,30.762,48.340,20.996,15.625,1.465
1533045069.805,26.855,38.574,20.020,21.484,-18.066
1533045069.809,7.324,27.344,18.066,14.648,20.020
1533045069.813,6.348,20.020,19.043,10.254,-2.930
1533045069.817,12.207,-48.340,14.160,9.766,-16.113
1533045069.821,17.090,7.812,18.555,5.371,-6.348
1533045069.825,16.113,113.281,28.320,8.789,13.672
1533045069.829,12.695,84.961,24.902,19.531,31.738
1533045069.833,8.301,35.645,17.090,12.695,22.949
1533045069.837,15.137,2.930,16.602,6.836,13.672
1533045069.841,20.020,29.785,19.043,12.207,-26.855
1533045069.844,17.090,73.242,18.555,15.625,2.930
1533045069.848,16.113,52.246,20.508,19.531,74.707
1533045069.852,12.695,-5.371,22.461,17.578,39.551
1533045069.856,19.043,-68.848,9.766,11.230,71.289
1533045069.860,32.715,-25.391,11.719,20.020,80.566
1533045069.864,10.254,80.566,39.062,17.578,-2.441
1533045069.868,-5.371,64.941,34.180,-9.277,-12.695
1533045069.872,0.488,31.250,16.602,-12.695,12.207
1533045069.876,0.977,-26.367,14.648,-4.883,3.906
1533045069.880,11.230,4.395,22.461,5.859,18.066
1533045069.884,14.648,52.246,29.785,14.160,-12.207
1533045069.887,10.742,28.320,35.156,14.160,-29.785
1533045069.891,7.812,37.109,34.180,13.672,39.062
1533045069.895,5.371,-23.926,11.719,14.648,25.879
1533045069.899,18.066,-46.875,15.625,15.137,-9.277
1533045069.903,21.484,38.574,39.062,14.160,23.438
1533045069.907,15.625,27.344,30.273,15.137,-10.254
1533045069.911,9.277,7.812,20.508,17.578,-6.836
1533045069.915,7.324,-14.160,23.926,13.672,14.160
1533045069.919,19.043,-20.508,20.020,9.766,48.340
1533045069.923,23.438,54.688,24.902,19.531,71.777
1533045069.926,20.996,41.504,23.926,20.508,23.438
1533045069.930,13.184,20.020,26.855,13.672,-24.414
1533045069.934,10.254,-18.066,27.344,11.719,2.930
1533045069.938,16.113,-65.430,11.230,7.324,47.363
1533045069.942,22.461,25.391,23.926,12.207,62.012
1533045069.946,21.973,32.715,27.832,23.926,47.852
1533045069.950,18.066,7.324,25.391,20.020,-14.160
1533045069.954,11.230,29.785,29.297,20.020,9.277
1533045069.958,13.672,-56.152,11.230,12.695,66.895
1533045069.962,25.879,-3.418,18.555,12.207,54.199
1533045069.966,19.531,72.266,34.668,20.020,16.602
1533045069.969,20.508,51.270,32.715,24.414,-13.184
1533045069.973,24.414,31.738,24.414,24.414,0.977
1533045069.977,18.066,-7.812,29.297,16.602,33.691
1533045069.981,28.320,28.320,28.320,27.832,4.883
1533045069.985,32.715,71.777,25.879,39.551,36.133
1533045069.989,25.391,39.062,26.855,32.715,49.316
1533045069.993,20.996,-10.742,11.230,26.855,12.207
1533045069.997,29.785,-69.824,5.859,31.738,40.527
1533045070.001,30.762,-21.973,29.297,30.762,26.367
1533045070.005,25.391,101.562,40.039,33.203,72.754
1533045070.009,22.949,67.871,22.461,28.809,90.820
1533045070.012,13.184,9.277,16.602,23.438,-0.977
1533045070.016,15.625,-30.762,21.484,20.996,-41.016
1533045070.020,40.527,-12.207,23.926,19.043,-30.762
1533045070.024,43.945,50.781,22.461,30.762,36.133
1533045070.028,28.320,43.457,19.531,27.344,27.344
1533045070.032,24.902,10.254,20.020,16.602,-39.062
1533045070.036,22.461,-31.250,11.230,11.719,-17.578
1533045070.040,32.715,-30.762,3.906,21.973,-0.977
1533045070.044,32.227,29.297,22.949,30.762,30.273
1533045070.048,20.020,49.316,26.855,22.949,69.824
1533045070.051,19.043,47.363,18.555,20.996,32.227
1533045070.055,14.160,-23.438,10.254,15.137,49.805
1533045070.059,18.066,-57.129,8.301,10.254,72.754
1533045070.063,22.949,54.199,29.785,16.113,36.621
1533045070.067,21.484,78.613,26.855,23.926,52.246
1533045070.071,21.484,39.551,20.996,23.438,61.035
1533045070.075,15.625,-25.391,16.602,19.531,47.852
1533045070.079,20.020,-20.996,19.531,25.391,72.266
1533045070.083,32.227,59.570,27.832,35.645,66.406
1533045070.087,37.109,18.555,26.367,36.621,-17.578
1533045070.091,32.227,14.160,33.203,30.762,-42.969
1533045070.094,24.902,16.602,23.438,26.367,17.090
1533045070.098,28.320,-57.129,14.648,13.184,40.039
1533045070.102,29.297,40.527,33.203,14.648,60.059
1533045070.106,26.855,111.328,37.598,31.250,86.426
1533045070.110,32.227,58.105,26.855,34.668,86.426
1533045070.114,27.832,-10.742,21.484,33.203,13.672
1533045070.118,25.391,-20.020,24.414,22.461,-7.812
1533045070.122,35.156,55.176,28.320,21.484,12.695
1533045070.126,33.691,75.195,34.668,25.879,19.043
1533045070.130,23.438,48.828,25.391,18.066,19.531
1533045070.133,13.672,-27.344,9.277,12.695,-15.137
1533045070.137,15.137,-47.852,17.578,6.348,-9.766
1533045070.141,26.367,43.457,27.832,7.812,-1.953
1533045070.145,27.832,80.078,32.227,19.531,16.602
1533045070.149,29.297,58.105,34.180,26.855,25.879
1533045070.153,26.367,23.926,19.043,20.020,41.016
1533045070.157,31.738,-22.949,13.672,15.625,68.359
1533045070.161,43.457,36.133,23.926,22.461,87.402
1533045070.165,46.387,82.031,28.809,26.855,97.168
1533045070.169,41.016,36.133,16.113,19.531,24.902
1533045070.173,28.809,17.578,16.113,18.066,-1.465
1533045070.176,32.715,-47.852,11.230,19.531,49.805
1533045070.180,40.039,-42.480,5.859,20.508,56.152
1533045070.184,35.645,56.152,24.902,29.297,19.531
1533045070.188,23.926,66.895,25.391,24.414,-13.672
1533045070.192,21.973,41.016,20.996,22.461,4.883
1533045070.196,19.531,-48.340,10.742,19.043,40.527
1533045070.200,28.809,-62.012,5.371,21.973,48.340
1533045070.204,41.016,40.527,32.227,32.227,29.297
1533045070.208,34.180,12.695,31.738,34.180,8.301
1533045070.212,25.879,-35.645,12.207,30.273,24.414
1533045070.216,24.414,-113.281,7.324,18.555,-5.371
1533045070.219,35.156,-85.449,9.277,14.648,30.273
1533045070.223,37.598,-9.277,14.160,20.020,86.426
1533045070.227,32.715,-79.590,10.254,22.949,5.859
1533045070.231,33.691,-96.191,23.926,27.344,20.996
1533045070.235,25.391,-122.070,18.555,22.949,81.055
1533045070.239,19.043,-156.738,-7.324,9.766,60.547
1533045070.243,34.180,-39.551,16.113,17.090,52.246
1533045070.247,31.738,-29.785,23.438,20.020,49.805
1533045070.251,18.066,-60.059,6.348,21.484,42.480
1533045070.255,13.672,-81.543,7.324,25.391,28.809
1533045070.258,22.461,-74.707,16.113,18.066,43.457
1533045070.262,28.809,22.949,27.344,17.578,90.820
1533045070.266,28.320,13.184,30.762,27.344,11.719
1533045070.270,26.855,-0.488,27.344,31.738,-23.926
1533045070.274,23.926,-48.828,43.457,25.391,62.500
1533045070.278,26.367,-73.730,38.086,23.926,10.742
1533045070.282,26.855,36.621,17.578,21.973,-7.812
1533045070.286,27.344,68.848,24.414,22.949,39.062
1533045070.290,35.156,42.969,38.086,42.969,42.480
1533045070.294,21.484,20.020,34.180,36.133,35.645
1533045070.298,6.836,-66.406,16.113,2.930,-6.348
1533045070.301,16.602,7.324,27.832,5.859,76.660
1533045070.305,24.414,109.375,38.574,16.602,125.000
1533045070.309,27.344,99.609,41.992,22.949,71.289
1533045070.313,13.184,62.988,28.320,16.113,16.602
1533045070.317,3.906,21.973,13.184,7.324,-0.488
1533045070.321,13.184,66.895,22.949,6.348,23.926
1533045070.325,22.949,129.883,29.297,12.695,46.875
1533045070.329,13.672,145.996,26.855,10.742,-24.414
1533045070.333,3.906,138.672,25.879,1.465,-76.660
1533045070.337,2.930,34.180,19.043,2.441,-74.219
1533045070.341,9.766,48.828,19.531,2.441,-109.375
1533045070.344,15.137,198.730,45.410,9.277,-70.801
1533045070.348,16.113,188.965,39.062,12.695,-34.668
1533045070.352,22.949,131.836,14.160,15.625,-74.219
1533045070.356,13.672,94.238,15.137,8.301,7.812
1533045070.360,10.742,109.375,14.160,4.883,46.875
1533045070.364,21.973,172.852,14.648,16.602,22.461
1533045070.368,25.391,166.016,19.043,23.926,34.668
1533045070.372,20.020,168.457,22.461,17.578,37.109
1533045070.376,14.648,141.602,14.648,6.836,59.570
1533045070.380,20.508,150.391,18.555,6.348,65.918
1533045070.383,31.738,250.488,26.367,11.230,84.961
1533045070.387,23.438,240.234,18.555,16.113,61.523
1533045070.391,18.066,229.004,24.902,19.531,10.254
1533045070.395,24.414,157.715,17.578,16.602,21.973
1533045070.399,21.973,161.621,9.766,11.719,58.594
1533045070.403,24.902,270.020,20.996,15.137,60.547
1533045070.407,31.250,273.438,30.273,25.879,70.312
1533045070.411,25.391,237.305,25.879,31.250,28.809
1533045070.415,16.602,155.762,12.207,30.762,6.836
1533045070.419,21.973,88.867,11.230,21.973,78.613
1533045070.423,30.762,192.871,20.508,16.602,83.984
1533045070.426,23.438,293.457,29.785,21.484,39.551
1533045070.430,23.926,253.906,30.762,26.367,14.648
1533045070.434,23.438,185.059,19.043,22.461,44.922
1533045070.438,22.949,130.859,18.066,20.508,51.270
1533045070.442,34.180,184.082,29.297,28.320,11.230
1533045070.446,37.598,201.660,30.762,28.809,40.039
1533045070.450,28.809,161.133,27.832,24.902,37.598
1533045070.454,25.391,119.629,31.738,22.949,-11.230
1533045070.458,29.297,94.238,25.879,25.879,37.598
1533045070.462,30.762,108.398,20.996,29.297,23.438
1533045070.466,32.715,138.184,21.973,27.344,12.207
1533045070.469,20.996,154.785,28.320,16.113,77.637
1533045070.473,19.043,83.496,23.438,16.602,37.109
1533045070.477,18.555,38.086,19.531,19.531,19.531
1533045070.481,15.625,109.863,29.297,18.555,24.414
1533045070.485,21.973,140.137,32.227,19.531,-2.441
1533045070.489,28.320,125.488,32.715,23.926,-0.977
1533045070.493,26.855,105.957,32.715,23.438,2.441
1533045070.497,20.508,50.781,25.391,11.230,43.457
1533045070.501,26.367,89.355,29.297,13.184,71.777
1533045070.505,29.297,128.418,32.227,16.602,39.062
1533045070.508,28.320,77.148,17.578,13.672,9.766
1533045070.512,23.438,62.012,15.137,9.766,24.414
1533045070.516,16.113,-4.395,8.301,6.836,9.766
1533045070.520,20.508,26.855,13.184,8.301,7.324
1533045070.524,25.879,117.676,30.762,14.160,11.719
1533045070.528,21.973,57.129,23.926,14.160,-38.086
1533045070.532,20.996,55.176,21.484,16.602,-15.137
1533045070.536,19.531,1.953,17.578,18.555,-6.836
1533045070.540,18.555,-74.219,14.160,6.348,1.953
1533045070.544,30.273,70.801,37.109,14.160,4.883
1533045070.548,28.809,116.211,41.992,29.297,-73.242
1533045070.551,20.020,77.148,28.809,24.414,-53.223
1533045070.555,15.625,-4.883,22.949,15.625,-3.906
1533045070.559,19.043,-25.879,20.020,15.137,68.359
1533045070.563,24.902,93.750,34.180,15.137,28.809
1533045070.567,23.438,121.094,44.434,14.160,-5.859
1533045070.571,16.113,105.469,42.969,13.672,28.320
1533045070.575,16.602,35.645,37.109,19.043,17.578
1533045070.579,12.695,10.742,36.621,16.113,10.254
1533045070.583,18.555,99.121,36.133,11.230,16.602
1533045070.587,24.414,96.191,33.203,16.113,19.043
1533045070.590,13.184,89.355,36.621,12.695,92.773
1533045070.594,13.672,63.477,32.715,10.742,92.285
1533045070.598,18.066,4.395,20.020,10.742,-0.488
1533045070.602,21.973,38.574,25.391,7.812,-20.508
1533045070.606,21.484,50.781,36.621,10.742,54.688
1533045070.610,17.578,-5.371,35.645,14.160,49.805
1533045070.614,10.742,-98.145,36.621,13.184,21.973
1533045070.618,9.766,-177.734,31.738,5.371,19.043
1533045070.622,22.461,-105.957,33.691,5.371,28.320
1533045070.626,18.066,-36.133,47.852,15.625,44.434
1533045070.630,7.812,-40.039,33.203,10.254,35.156
1533045070.633,8.789,-45.410,20.508,6.348,10.254
1533045070.637,0.488,-122.559,19.043,0.977,-36.621
1533045070.641,15.625,-85.449,23.926,8.301,-16.602
1533045070.645,33.691,30.762,35.156,28.809,35.645
1533045070.649,17.090,10.254,31.738,21.973,16.602
1533045070.653,-4.883,12.695,31.250,6.836,19.043
1533045070.657,-5.371,-64.941,24.902,-9.277,12.695
1533045070.661,12.207,-68.848,20.996,-4.883,-22.949
1533045070.665,14.160,75.195,43.945,13.184,-3.418
1533045070.669,12.207,76.660,41.016,17.090,82.031
1533045070.673,15.625,28.809,20.996,24.902,48.340
1533045070.676,10.254,-17.090,20.020,11.719,33.203
1533045070.680,18.066,-2.441,24.902,11.230,34.180
1533045070.684,33.203,43.457,25.879,25.879,17.090
1533045070.688,26.855,34.180,30.273,25.879,33.691
1533045070.692,22.949,10.742,23.438,25.391,-16.602
1533045070.696,31.250,-77.148,14.160,24.902,-4.883
1533045070.700,32.227,-77.148,16.113,16.602,36.133
1533045070.704,31.738,67.383,29.785,20.996,39.062
1533045070.708,30.273,85.449,29.297,28.320,47.363
1533045070.712,24.414,58.105,26.855,23.926,71.777
1533045070.715,17.578,0.488,19.043,16.602,104.004
1533045070.719,22.949,-16.602,18.066,15.625,20.996
1533045070.723,30.273,55.176,31.250,20.020,-1.953
1533045070.727,28.320,63.477,33.691,20.508,48.340
1533045070.731,21.973,42.969,33.691,17.090,0.000
1533045070.735,19.531,4.883,26.855,14.160,28.320
1533045070.739,20.996,-1.465,18.066,17.578,76.660
1533045070.743,35.156,39.551,28.809,23.438,48.340
1533045070.747,29.785,55.176,26.855,24.414,80.078
1533045070.751,17.578,87.891,21.973,24.414,103.516
1533045070.755,25.391,46.875,18.555,22.461,76.172
1533045070.758,22.949,-62.500,6.348,14.160,26.855
1533045070.762,29.785,34.668,25.879,19.531,26.367
1533045070.766,31.250,118.652,35.156,27.344,18.066
1533045070.770,20.508,90.820,23.438,20.020,30.762
1533045070.774,25.391,51.758,23.926,28.809,73.242
1533045070.778,22.949,-10.742,18.555,24.902,-7.324
1533045070.782,25.879,49.316,25.879,16.602,6.348
1533045070.786,36.133,78.125,26.855,24.414,59.570
1533045070.790,35.156,30.273,18.555,21.973,25.879
1533045070.794,24.414,16.602,20.508,11.719,13.672
1533045070.798,18.555,-37.598,5.859,9.277,65.430
1533045070.801,24.414,6.836,11.719,9.766,92.285
1533045070.805,33.203,104.004,31.250,19.043,21.484
1533045070.809,33.691,72.266,28.320,24.414,6.836
1533045070.813,20.996,28.809,14.648,15.625,27.344
1533045070.817,19.531,-1.953,5.859,15.137,20.508
1533045070.821,24.414,24.414,15.137,15.625,12.695
1533045070.825,30.762,79.590,28.320,20.508,71.289
1533045070.829,27.344,68.848,25.391,18.555,87.402
1533045070.833,18.555,44.922,21.484,19.043,76.172
1533045070.837,17.090,-77.637,13.672,12.207,17.090
1533045070.840,18.066,-64.941,13.672,3.906,-46.875
1533045070.844,15.137,90.332,28.809,10.742,10.742
1533045070.848,14.648,73.242,33.203,15.137,23.438
1533045070.852,8.789,41.016,27.832,15.625,5.859
1533045070.856,6.836,-18.066,16.113,14.648,-32.715
1533045070.860,14.648,-11.230,16.113,9.277,-63.477
1533045070.864,23.438,82.520,26.367,13.672,25.391
1533045070.868,19.043,63.477,30.762,20.020,67.383
1533045070.872,14.160,17.090,27.344,18.555,18.555
1533045070.876,13.184,2.930,19.531,19.043,7.812
1533045070.880,15.137,-0.488,21.484,14.160,-3.418
1533045070.883,20.020,35.645,30.273,14.648,12.695
1533045070.887,13.672,43.457,26.855,13.672,49.805
1533045070.891,16.602,63.477,31.738,14.160,35.156
1533045070.895,19.043,0.488,20.996,15.137,-49.805
1533045070.899,15.137,-71.777,11.230,6.836,-79.102
1533045070.903,21.484,69.336,33.203,14.160,-6.836
1533045070.907,29.785,129.883,41.992,25.391,44.922
1533045070.911,29.297,85.938,32.227,25.879,4.883
1533045070.915,18.066,46.387,22.461,18.555,35.156
1533045070.919,15.625,17.578,26.367,9.766,67.383
1533045070.923,29.297,58.594,40.039,20.996,25.391
1533045070.926,35.645,64.941,36.621,32.227,24.902
1533045070.930,28.320,39.062,37.598,26.367,1.465
1533045070.934,20.508,16.602,27.344,14.160,-10.742
1533045070.938,18.066,-47.852,19.043,8.789,-45.898
1533045070.942,21.973,38.086,41.016,15.137,-30.273
1533045070.946,16.602,138.184,43.945,14.160,43.457
1533045070.950,8.789,97.168,34.668,14.160,41.504
1533045070.954,2.441,59.570,36.133,16.602,4.395
1533045070.958,-1.953,28.320,25.391,2.930,59.082
1533045070.962,2.441,56.152,20.508,-4.395,98.145
1533045070.965,-0.488,78.125,28.320,0.000,25.391
1533045070.969,-1.953,73.242,31.738,1.465,5.859
1533045070.973,6.348,47.852,24.902,1.465,9.277
1533045070.977,-1.953,-8.301,11.230,-5.371,19.531
1533045070.981,-3.418,4.395,12.695,-15.137,58.594
1533045070.985,9.277,67.383,24.414,-3.906,51.758
1533045070.989,4.883,89.355,26.855,-1.465,17.090
1533045070.993,0.000,85.938,24.414,-2.441,11.719
1533045070.997,3.906,-17.578,9.277,-6.348,8.301
1533045071.001,14.648,-24.902,10.254,-6.836,-10.254
1533045071.005,34.180,104.980,31.738,26.367,25.879
1533045071.008,36.133,107.910,28.809,26.855,76.660
1533045071.012,4.883,70.801,20.996,-4.395,79.590
1533045071.016,-7.812,13.184,22.461,-13.184,31.738
1533045071.020,6.836,25.391,28.320,-5.371,35.156
1533045071.024,11.230,59.082,21.484,4.395,40.039
1533045071.028,1.465,49.316,16.602,-8.301,-7.812
1533045071.032,-9.277,92.773,30.273,-17.090,20.996
1533045071.036,-4.883,22.461,25.391,-6.836,48.828
1533045071.040,3.906,-30.273,23.438,-3.906,27.832
1533045071.044,12.207,106.445,38.574,-5.859,52.246
1533045071.047,16.113,128.418,42.480,3.418,65.918
1533045071.051,19.043,76.660,39.551,10.742,1.953
1533045071.055,14.648,17.090,29.297,2.930,-26.367
1533045071.059,12.207,1.465,24.414,-5.859,-29.785
1533045071.063,20.996,84.473,36.621,-4.883,22.461
1533045071.067,20.508,105.469,29.785,-1.465,119.141
1533045071.071,22.461,52.246,25.879,8.301,68.359
1533045071.075,22.949,15.625,31.738,10.254,69.336
1533045071.079,17.578,-30.762,13.672,4.395,98.633
1533045071.083,21.484,36.621,18.555,4.883,43.457
1533045071.087,22.949,104.004,29.297,9.766,15.137
1533045071.090,15.625,96.191,25.879,9.766,71.777
1533045071.094,13.184,34.668,11.719,8.301,105.469
1533045071.098,8.789,-8.789,9.277,4.395,51.270
1533045071.102,20.996,53.223,24.414,7.324,41.016
1533045071.106,29.785,78.125,27.344,13.184,44.434
1533045071.110,17.578,65.430,21.484,8.789,41.504
1533045071.114,22.949,37.598,16.602,12.695,42.969
1533045071.118,23.926,-28.809,15.625,15.137,26.367
1533045071.122,32.715,-1.465,23.438,16.602,24.414
1533045071.126,37.109,74.707,28.809,20.996,5.371
1533045071.130,26.367,76.172,28.320,20.020,18.555
1533045071.133,25.391,43.457,23.438,19.043,35.156
1533045071.137,25.879,-5.859,18.066,15.625,9.277
1533045071.141,28.809,21.973,20.508,15.137,25.879
1533045071.145,38.574,65.918,27.832,20.508,4.395
1533045071.149,36.621,58.105,36.621,22.461,36.621
1533045071.153,23.438,11.719,25.879,15.625,13.184
1533045071.157,19.531,-10.742,18.555,13.184,-6.348
1533045071.161,27.832,23.438,26.855,19.043,26.855
1533045071.165,39.062,36.133,25.391,28.320,6.348
1533045071.169,31.250,33.203,22.461,24.902,30.762
1533045071.172,23.926,48.340,21.973,19.043,43.945
1533045071.176,26.855,-19.043,14.160,16.602,36.133
1533045071.180,27.344,-75.684,5.859,4.883,8.301
1533045071.184,33.203,59.082,19.531,8.789,23.438
1533045071.188,29.297,121.094,29.785,24.414,54.199
1533045071.192,20.996,76.660,33.203,24.414,8.789
1533045071.196,16.602,17.090,27.344,22.461,-14.160
1533045071.200,21.973,-3.906,19.531,17.090,-25.879
1533045071.204,31.738,47.852,29.297,19.531,-57.617
1533045071.208,28.809,42.480,31.250,24.414,-36.621
1533045071.212,23.926,25.879,24.902,25.391,28.320
1533045071.215,25.391,-10.254,15.625,29.297,54.688
1533045071.219,20.020,-7.324,19.531,19.531,45.410
1533045071.223,24.414,68.359,35.156,22.949,30.273
1533045071.227,31.738,63.965,33.203,31.738,-6.836
1533045071.231,25.391,57.617,30.273,23.438,-33.691
1533045071.235,19.043,13.184,29.297,18.555,-9.766
1533045071.239,9.277,-41.016,27.832,17.090,7.812
1533045071.243,10.254,50.293,35.156,16.602,16.602
1533045071.247,17.578,85.449,35.156,24.414,-1.953
1533045071.251,13.184,59.082,38.574,31.250,-29.297
1533045071.255,10.254,23.926,33.691,24.414,17.090
1533045071.258,12.695,-15.137,33.691,18.555,62.988
1533045071.262,20.996,-1.953,32.227,18.555,25.391
1533045071.266,23.438,52.734,28.320,24.902,53.223
1533045071.270,17.090,82.031,28.320,24.902,27.344
1533045071.274,14.160,51.270,21.973,20.020,-31.250
1533045071.278,16.113,-41.504,20.996,15.625,38.574
1533045071.282,13.672,-0.488,28.320,9.277,79.102
1533045071.286,28.320,102.051,36.621,21.484,86.426
1533045071.290,44.434,68.848,33.203,37.598,48.828
1533045071.294,15.137,37.598,41.016,23.926,35.156
1533045071.297,-0.488,9.277,39.551,12.207,73.242
1533045071.301,21.484,20.996,40.527,26.855,105.469
1533045071.305,35.156,21.973,32.227,33.691,51.758
1533045071.309,20.996,32.715,20.996,20.996,25.879
1533045071.313,14.648,44.922,29.297,20.020,10.742
1533045071.317,21.484,-1.953,28.809,24.902,17.090
1533045071.321,20.996,-5.859,27.344,21.973,48.340
1533045071.325,26.855,65.918,40.527,27.832,52.734
1533045071.329,35.645,94.238,42.480,29.785,91.797
1533045071.333,32.227,58.594,32.715,27.344,41.504
1533045071.337,20.996,-9.766,22.949,20.020,21.973
1533045071.340,25.879,-13.672,25.391,16.113,32.227
1533045071.344,36.133,54.688,34.668,19.531,63.965
1533045071.348,29.297,40.039,26.855,20.996,66.406
1533045071.352,24.414,2.441,19.531,17.578,0.488
1533045071.356,20.996,-49.805,15.625,10.742,9.766
1533045071.360,21.973,-113.770,11.719,4.395,-3.418
1533045071.364,27.344,20.508,26.367,6.836,26.855
1533045071.368,32.227,115.234,39.062,15.137,75.195
1533045071.372,32.715,72.266,29.297,17.090,36.133
1533045071.376,24.414,-10.742,19.043,18.555,-26.855
1533045071.379,15.625,-52.734,16.113,9.277,-54.688
1533045071.383,23.926,27.344,27.832,10.254,-55.664
1533045071.387,28.809,74.707,41.016,18.066,13.184
1533045071.391,28.320,72.266,36.621,17.090,85.449
1533045071.395,22.949,4.395,27.344,15.137,62.988
1533045071.399,13.184,-58.105,29.297,13.672,16.602
1533045071.403,21.484,1.465,36.621,11.719,5.371
1533045071.407,10.742,58.105,28.320,9.277,17.578
1533045071.411,10.254,47.363,21.484,8.301,-14.160
1533045071.415,16.113,3.418,27.344,16.602,-44.434
1533045071.419,10.742,-64.941,20.020,7.812,2.930
1533045071.422,23.438,17.578,33.203,8.789,44.434
1533045071.426,30.762,90.820,40.527,20.020,29.785
1533045071.430,18.066,53.223,24.902,15.137,-21.484
1533045071.434,17.578,7.812,31.250,20.996,-25.879
1533045071.438,13.184,-2.441,28.320,20.020,22.461
1533045071.442,10.742,46.387,20.996,10.742,92.773
1533045071.446,23.926,37.109,20.020,12.695,110.352
1533045071.450,21.484,19.043,20.508,19.043,50.781
1533045071.454,20.020,28.809,24.414,16.113,-14.648
1533045071.458,18.066,-2.441,24.414,10.742,-3.906
1533045071.462,18.555,12.695,20.508,11.230,-17.578
1533045071.465,20.020,72.266,23.926,18.066,36.621
1533045071.469,13.672,54.199,20.996,15.137,37.109
1533045071.473,15.625,38.574,13.672,10.254,-0.977
1533045071.477,17.578,-40.527,14.160,13.184,63.477
1533045071.481,18.066,-48.340,23.926,9.766,80.078
1533045071.485,27.344,40.527,28.809,15.137,-29.297
1533045071.489,22.949,32.227,26.367,14.648,13.672
1533045071.493,16.113,12.207,25.879,12.695,85.449
1533045071.497,14.160,-68.848,10.254,10.254,-5.371
1533045071.501,11.719,-64.941,14.648,1.465,-1.953
1533045071.504,21.973,66.895,30.762,8.789,37.109
1533045071.508,26.855,68.848,18.555,22.461,25.391
1533045071.512,15.137,35.156,11.719,20.020,5.371
1533045071.516,5.371,-9.766,17.090,10.742,-2.441
1533045071.520,11.230,-12.695,23.438,16.602,31.250
1533045071.524,21.484,33.203,24.902,23.438,41.504
1533045071.528,27.344,36.133,25.391,15.625,-6.348
1533045071.532,21.484,45.898,29.785,12.207,21.973
1533045071.536,17.578,-1.953,24.414,18.066,30.762
1533045071.540,18.555,-51.270,21.484,17.578,13.184
1533045071.544,24.902,4.395,27.344,13.184,71.289
1533045071.547,23.926,20.996,26.855,14.648,52.734
1533045071.551,17.090,41.992,27.344,13.672,50.781
1533045071.555,16.113,8.789,20.508,12.207,76.660
1533045071.559,13.184,-51.270,9.277,6.836,1.953
1533045071.563,18.066,25.391,22.461,8.789,2.441
1533045071.567,25.391,62.500,34.180,19.531,71.289
1533045071.571,23.438,56.641,30.762,23.438,39.062
1533045071.575,21.973,8.789,21.973,20.996,51.758
1533045071.579,15.625,-73.242,16.113,5.371,13.184
1533045071.583,15.625,16.602,28.320,-2.441,34.180
1533045071.587,23.438,56.152,31.738,11.719,97.168
1533045071.590,19.531,37.598,30.762,22.461,63.965
1533045071.594,14.160,48.340,31.738,20.508,56.152
1533045071.598,15.625,-44.922,27.832,7.324,26.855
1533045071.602,20.996,-34.180,28.320,3.906,-2.930
1533045071.606,25.391,62.012,29.785,14.160,-29.785
1533045071.610,30.273,88.867,31.738,20.996,0.977
1533045071.614,28.809,42.480,24.902,16.602,-29.297
1533045071.618,19.043,-2.441,23.438,10.742,-15.137
1533045071.622,21.484,18.066,26.855,8.789,20.020
1533045071.626,27.344,60.059,29.297,15.625,18.555
1533045071.629,18.555,56.152,27.344,16.602,24.902
1533045071.633,18.066,14.160,23.438,13.184,13.184
1533045071.637,23.926,-60.059,18.066,14.160,-7.812
1533045071.641,25.391,-30.273,17.578,11.230,-15.625
1533045071.645,29.297,93.262,38.086,14.648,28.320
1533045071.649,19.531,99.121,39.551,14.648,62.988
1533045071.653,14.648,65.918,22.461,12.207,68.848
1533045071.657,11.719,15.625,24.902,11.719,77.148
1533045071.661,14.160,-13.184,26.367,8.789,44.434
1533045071.665,24.902,48.828,30.273,17.090,19.043
1533045071.669,23.438,73.730,33.691,20.996,25.879
1533045071.672,17.090,43.945,26.855,15.625,3.418
1533045071.676,13.672,16.602,25.391,9.766,18.555
1533045071.680,13.672,-24.414,24.414,8.301,11.230
1533045071.684,20.020,16.113,31.738,8.789,21.973
1533045071.688,28.320,81.543,36.133,12.207,63.477
1533045071.692,22.949,61.523,29.785,16.602,6.836
1533045071.696,20.996,-22.949,19.043,18.066,-58.594
1533045071.700,23.438,-37.109,15.625,16.113,-64.941
1533045071.704,33.691,45.410,28.320,18.555,35.156
1533045071.708,43.945,64.941,30.762,26.367,44.434
1533045071.712,37.109,56.152,31.738,18.066,41.504
1533045071.715,33.203,0.977,28.320,12.695,116.699
1533045071.719,31.738,-38.574,28.809,14.648,102.051
1533045071.723,28.320,43.945,47.852,14.160,68.848
1533045071.727,35.645,37.109,40.527,16.113,21.973
1533045071.731,33.203,38.574,39.551,25.391,7.812
1533045071.735,19.531,27.344,45.410,22.949,35.645
1533045071.739,14.648,-55.664,35.156,13.672,24.902
1533045071.743,22.461,17.090,41.016,19.043,4.883
1533045071.747,30.762,85.449,40.527,28.320,-30.762
1533045071.751,21.484,87.402,40.039,30.762,17.578
1533045071.754,17.578,49.805,35.156,28.320,63.477
1533045071.758,18.555,0.977,28.809,26.367,47.363
1533045071.762,22.461,31.738,41.016,29.297,64.453
1533045071.766,22.461,61.523,41.504,29.297,48.828
1533045071.770,23.926,55.176,35.645,29.297,-17.090
1533045071.774,27.832,14.160,36.621,24.902,-1.953
1533045071.778,20.508,-15.625,32.715,17.578,28.320
1533045071.782,18.555,22.461,40.039,16.602,10.742
1533045071.786,20.996,61.523,51.270,20.996,38.086
1533045071.790,19.531,55.664,50.781,21.484,46.387
1533045071.794,23.438,30.273,47.852,22.949,38.086
1533045071.797,28.809,-6.836,38.086,38.086,21.484
1533045071.801,29.785,-1.953,38.086,32.715,-2.441
1533045071.805,23.438,41.992,52.734,17.090,-16.113
1533045071.809,11.719,37.598,43.945,7.324,-21.973
1533045071.813,2.441,26.855,35.645,1.465,2.441
1533045071.817,-1.465,-7.324,42.969,9.766,29.785